s,u,r,n,a,m,e,;,n,a,m,e,;,l,a,s,t,n,a,m,e,;,N,u,m,b,e,r, ,t,e,l,;,d,e,s,c,r,i,p,t,i,o,n,"
"
Ñ,à,ç,î,í,î,â,;,È,ã,î,ð,ü,;,À,í,à,ò,î,ë,ü,å,â,è,÷,;,8,4,9,5,0,5,6,1,2,7,3,;,â,î,ä,è,ò,å,ë,ü,"
"
Ê,ð,î,ë,è,ê,î,â,à,;,Ì,à,ð,è,ÿ,;,Ñ,å,ð,ã,å,å,â,í,à,;,8,4,9,0,5,2,3,8,9,1,7,;,ã,ë,à,â,á,ó,õ,"
"
Á,å,í,ä,å,ð,;,Î,ñ,ò,à,ï,;,Ì,î,è,ñ,å,å,â,è,÷,;,8,9,6,0,5,5,5,6,6,2,2,;,þ,ð,è,ñ,ò,"
"
s,u,r,n,a,m,e,;,n,a,m,e,;,l,a,s,t,n,a,m,e,;,N,u,m,b,e,r, ,t,e,l,;,d,e,s,c,r,i,p,t,i,o,n,"
"
Ñ,à,ç,î,í,î,â,;,È,ã,î,ð,ü,;,À,í,à,ò,î,ë,ü,å,â,è,÷,;,8,4,9,5,0,5,6,1,2,7,3,;,â,î,ä,è,ò,å,ë,ü,"
"
Ê,ð,î,ë,è,ê,î,â,à,;,Ì,à,ð,è,ÿ,;,Ñ,å,ð,ã,å,å,â,í,à,;,8,4,9,0,5,2,3,8,9,1,7,;,ã,ë,à,â,á,ó,õ,"
"
Á,å,í,ä,å,ð,;,Î,ñ,ò,à,ï,;,Ì,î,è,ñ,å,å,â,è,÷,;,8,9,6,0,5,5,5,6,6,2,2,;,þ,ð,è,ñ,ò,"
"
